pais,camiseta,goles,partidos,minutos,asistencias,amarillas,rojas,faltas
France,1,2,6,540,0,0,0,0
France,2,1,5,450,0,0,0,0
France,3,2,11,990,0,0,0,0
France,4,1,5,450,0,0,0,1
France,5,2,8,720,0,0,0,1
France,6,1,7,630,0,2,0,2
France,7,1,6,540,0,0,0,2
France,8,1,5,450,0,0,0,3
France,9,3,5,450,0,0,0,0
France,10,4,6,540,0,0,0,0
France,11,1,7,630,0,0,0,1
France,12,2,3,270,0,0,0,0
France,13,2,6,540,0,1,0,0
France,14,4,7,630,0,0,0,0
France,15,1,5,450,0,0,0,1
France,16,2,6,540,0,0,0,0
France,17,1,6,540,0,0,0,0
France,18,1,3,270,0,1,0,1
France,19,1,4,360,0,0,0,0
France,20,2,4,360,0,0,0,0
France,21,0,3,270,0,0,0,0
France,22,1,5,450,0,0,0,0
France,23,2,3,270,0,0,0,1
France,24,0,4,360,0,0,0,0
France,25,2,5,450,0,0,0,2
France,26,1,8,720,0,1,0,4
Spain,1,1,3,270,0,0,0,0
Spain,2,2,5,450,0,0,0,0
Spain,3,1,6,540,0,0,0,0
Spain,4,1,5,450,0,0,0,1
Spain,5,1,4,360,0,0,0,0
Spain,6,3,3,270,0,0,0,1
Spain,7,1,4,360,0,0,0,1
Spain,8,1,3,270,0,0,0,0
Spain,9,1,3,270,0,0,0,0
Spain,10,2,6,540,0,0,0,0
Spain,11,2,6,540,0,0,0,0
Spain,12,1,5,450,0,0,0,0
Spain,13,3,6,540,0,0,0,1
Spain,14,2,2,180,0,0,0,1
Spain,15,1,5,450,0,0,0,2
Spain,16,1,3,270,0,1,0,0
Spain,17,1,5,450,0,1,0,1
Spain,18,1,3,270,0,0,0,0
Spain,19,1,3,270,0,0,0,2
Spain,20,1,7,630,0,0,0,0
Spain,21,0,4,360,0,0,0,0
Spain,22,3,6,540,0,0,0,2
Spain,23,0,0,0,0,0,0,0
Spain,24,2,3,270,0,0,0,0
Spain,25,2,6,540,0,0,0,1
Spain,26,0,4,360,0,0,0,0
Argentina,1,2,4,360,0,0,0,0
Argentina,2,1,6,540,0,0,0,1
Argentina,3,1,1,90,0,0,0,1
Argentina,4,1,3,270,0,0,0,0
Argentina,5,4,4,360,0,0,0,2
Argentina,6,1,4,360,0,2,0,2
Argentina,7,3,5,450,0,0,0,0
Argentina,8,2,4,360,0,0,0,2
Argentina,9,1,3,270,0,0,0,0
Argentina,10,1,5,450,0,0,0,0
Argentina,11,1,5,450,0,0,0,2
Argentina,12,3,4,360,0,0,0,0
Argentina,13,3,4,360,0,0,0,0
Argentina,14,1,1,90,0,0,0,0
Argentina,15,1,6,540,0,0,0,0
Argentina,16,3,5,450,0,0,0,0
Argentina,17,1,3,270,0,1,0,0
Argentina,18,1,2,180,0,0,0,0
Argentina,19,1,4,360,0,0,0,0
Argentina,20,2,3,270,0,0,0,1
Argentina,21,1,7,630,0,0,0,1
Argentina,22,1,3,270,0,1,0,0
Argentina,23,1,3,270,0,0,0,0
Argentina,24,1,1,90,0,0,0,1
Argentina,25,2,3,270,0,2,0,0
Argentina,26,1,6,540,0,0,0,0
England,1,1,4,360,0,0,0,0
England,2,1,2,180,0,0,0,0
England,3,3,4,360,0,1,0,0
England,4,1,2,180,0,0,0,0
England,5,1,1,90,0,0,0,0
England,6,2,7,630,0,0,0,0
England,7,1,4,360,0,0,0,1
England,8,1,0,0,0,0,0,0
England,9,1,3,270,0,0,0,0
England,10,1,5,450,0,0,0,0
England,11,1,3,270,0,0,0,0
England,12,1,1,90,0,0,0,0
England,13,3,4,360,0,1,0,1
England,14,1,3,270,0,0,0,0
England,15,1,2,180,0,0,0,0
England,16,2,2,180,0,0,0,0
England,17,1,3,270,0,1,0,1
England,18,3,5,450,0,0,0,1
England,19,1,4,360,0,1,0,2
England,20,3,6,540,0,0,0,0
England,21,0,3,270,0,0,0,0
England,22,0,3,270,0,0,0,0
England,23,1,4,360,0,0,0,0
England,24,0,6,540,0,0,0,0
England,25,0,4,360,0,1,0,1
England,26,0,3,270,0,0,0,1
Portugal,1,1,3,270,0,0,0,1
Portugal,2,2,6,540,0,0,0,1
Portugal,3,1,3,270,0,0,0,1
Portugal,4,3,2,180,0,0,0,0
Portugal,5,5,6,540,0,0,0,0
Portugal,6,1,2,180,0,0,0,0
Portugal,7,2,4,360,0,0,0,0
Portugal,8,1,4,360,0,0,0,1
Portugal,9,1,7,630,0,0,0,0
Portugal,10,1,3,270,0,0,0,1
Portugal,11,1,1,90,0,0,0,1
Portugal,12,2,4,360,0,0,0,1
Portugal,13,2,6,540,0,0,0,1
Portugal,14,3,5,450,0,0,0,0
Portugal,15,1,5,450,0,1,0,2
Portugal,16,2,7,630,0,0,0,2
Portugal,17,3,5,450,0,1,0,0
Portugal,18,1,3,270,0,0,0,1
Portugal,19,1,4,360,0,0,0,1
Portugal,20,2,7,630,0,1,0,1
Portugal,21,0,4,360,0,0,0,1
Portugal,22,2,6,540,0,0,0,4
Portugal,23,0,5,450,0,0,0,1
Portugal,24,0,8,720,0,1,0,1
Portugal,25,0,3,270,0,0,0,1
Portugal,26,0,8,720,0,1,0,0
Brazil,1,2,4,360,0,0,0,1
Brazil,2,1,2,180,0,0,0,0
Brazil,3,2,4,360,0,2,0,0
Brazil,4,1,4,360,0,0,0,0
Brazil,5,1,3,270,0,0,0,0
Brazil,6,1,6,540,0,0,0,2
Brazil,7,2,2,180,0,1,0,0
Brazil,8,2,3,270,0,0,0,0
Brazil,9,1,4,360,0,1,0,1
Brazil,10,1,3,270,0,0,0,0
Brazil,11,1,3,270,0,0,0,0
Brazil,12,4,4,360,0,0,0,1
Brazil,13,1,5,450,0,0,0,1
Brazil,14,2,5,450,0,0,0,0
Brazil,15,1,6,540,0,0,0,1
Brazil,16,2,4,360,0,1,0,1
Brazil,17,3,3,270,0,0,0,0
Brazil,18,1,2,180,0,0,0,0
Brazil,19,1,5,450,0,1,0,0
Brazil,20,1,4,360,0,0,0,1
Brazil,21,0,4,360,0,0,0,0
Brazil,22,0,3,270,0,0,0,0
Brazil,23,0,5,450,0,0,0,0
Brazil,24,0,4,360,0,0,0,1
Brazil,25,0,3,270,0,1,0,0
Brazil,26,0,4,360,0,0,0,2
Netherlands,1,1,5,450,0,1,0,0
Netherlands,2,1,2,180,0,1,0,2
Netherlands,3,1,6,540,0,0,0,1
Netherlands,4,1,4,360,0,0,0,0
Netherlands,5,2,3,270,0,0,0,0
Netherlands,6,2,6,540,0,0,0,1
Netherlands,7,1,2,180,0,0,0,0
Netherlands,8,1,4,360,0,0,0,1
Netherlands,9,2,5,450,0,0,0,3
Netherlands,10,2,5,450,0,0,0,0
Netherlands,11,1,2,180,0,0,0,0
Netherlands,12,3,4,360,0,1,0,0
Netherlands,13,1,5,450,0,0,0,0
Netherlands,14,1,4,360,0,0,0,0
Netherlands,15,3,6,540,0,0,0,0
Netherlands,16,1,3,270,0,0,0,0
Netherlands,17,1,5,450,0,0,0,2
Netherlands,18,3,6,540,0,2,0,2
Netherlands,19,3,5,450,0,0,0,0
Netherlands,20,1,4,360,0,0,0,0
Netherlands,21,1,3,270,0,0,0,0
Netherlands,22,1,6,540,0,0,0,1
Netherlands,23,0,3,270,0,0,0,0
Netherlands,24,1,4,360,0,0,0,1
Netherlands,25,0,4,360,0,0,0,0
Netherlands,26,2,4,360,0,0,0,1
Belgium,1,2,6,540,0,1,0,0
Belgium,2,2,3,270,0,0,0,0
Belgium,3,1,4,360,0,0,0,1
Belgium,4,1,4,360,0,0,0,0
Belgium,5,1,6,540,0,0,0,1
Belgium,6,3,5,450,0,0,0,1
Belgium,7,1,2,180,0,0,0,0
Belgium,8,2,4,360,0,0,0,0
Belgium,9,1,4,360,0,0,0,0
Belgium,10,1,5,450,0,0,0,1
Belgium,11,1,4,360,0,0,0,1
Belgium,12,1,4,360,0,0,0,1
Belgium,13,2,6,540,0,2,0,2
Belgium,14,2,6,540,0,0,0,2
Belgium,15,4,6,540,0,0,0,0
Belgium,16,2,2,180,0,1,0,0
Belgium,17,1,2,180,0,0,0,0
Belgium,18,2,5,450,0,0,0,0
Belgium,19,1,3,270,0,0,0,1
Belgium,20,1,8,720,0,1,0,2
Belgium,21,0,6,540,0,0,0,0
Belgium,22,1,6,540,0,1,0,0
Belgium,23,0,6,540,0,0,0,1
Belgium,24,0,3,270,0,1,0,0
Belgium,25,3,4,360,0,0,0,2
Belgium,26,1,7,630,0,0,0,1
Germany,1,4,3,270,0,0,0,0
Germany,2,1,2,180,0,2,0,0
Germany,3,1,4,360,0,0,0,0
Germany,4,1,3,270,0,1,0,1
Germany,5,1,4,360,0,0,0,0
Germany,6,1,2,180,0,0,0,0
Germany,7,1,5,450,0,0,0,2
Germany,8,1,6,540,0,0,0,1
Germany,9,1,3,270,0,0,0,0
Germany,10,1,3,270,0,1,0,1
Germany,11,1,6,540,0,1,0,1
Germany,12,2,5,450,0,0,0,0
Germany,13,1,3,270,0,0,0,3
Germany,14,1,3,270,0,0,0,0
Germany,15,1,4,360,0,1,0,2
Germany,16,1,4,360,0,0,0,1
Germany,17,1,3,270,0,0,0,1
Germany,18,1,4,360,0,0,0,0
Germany,19,1,3,270,0,0,0,0
Germany,20,1,1,90,0,0,0,0
Germany,21,0,4,360,0,0,0,1
Germany,22,4,4,360,0,0,0,0
Germany,23,2,4,360,0,0,0,0
Germany,24,5,7,630,0,1,0,2
Germany,25,2,5,450,0,2,0,3
Germany,26,0,4,360,0,0,0,1
Italy,1,1,6,540,0,0,0,2
Italy,2,1,4,360,0,0,0,0
Italy,3,1,4,360,0,0,0,1
Italy,4,1,1,90,0,0,0,0
Italy,5,1,6,540,0,0,0,3
Italy,6,1,7,630,0,0,0,0
Italy,7,3,3,270,0,0,0,0
Italy,8,1,4,360,0,0,0,0
Italy,9,1,8,720,0,0,0,2
Italy,10,1,3,270,0,0,0,0
Italy,11,1,5,450,0,0,0,0
Italy,12,2,5,450,0,0,0,1
Italy,13,1,2,180,0,0,0,1
Italy,14,1,3,270,0,0,0,1
Italy,15,1,0,0,0,0,0,0
Italy,16,2,5,450,0,0,0,1
Italy,17,1,4,360,0,0,0,0
Italy,18,2,3,270,0,0,0,1
Italy,19,1,4,360,0,0,0,1
Italy,20,3,2,180,0,0,0,0
Italy,21,2,7,630,0,0,0,2
Italy,22,0,5,450,0,1,0,0
Italy,23,4,7,630,0,2,0,1
Italy,24,0,3,270,0,2,0,0
Italy,25,0,5,450,0,0,0,0
Italy,26,2,4,360,0,0,0,0
Morocco,1,1,5,450,0,1,0,1
Morocco,2,3,10,900,0,0,0,3
Morocco,3,2,9,810,0,1,0,1
Morocco,4,1,5,450,0,0,0,2
Morocco,5,1,3,270,0,0,0,1
Morocco,6,2,6,540,0,0,0,0
Morocco,7,1,4,360,0,0,0,0
Morocco,8,2,4,360,0,0,0,2
Morocco,9,3,6,540,0,2,0,1
Morocco,10,1,10,900,0,1,0,3
Morocco,11,1,4,360,0,0,0,0
Morocco,12,1,5,450,0,0,0,2
Morocco,13,5,5,450,0,0,0,1
Morocco,14,6,6,540,0,0,0,1
Morocco,15,1,5,450,0,0,0,2
Morocco,16,3,6,540,0,1,0,0
Morocco,17,2,8,720,0,0,0,1
Morocco,18,1,7,630,0,1,0,0
Morocco,19,0,4,360,0,1,0,0
Morocco,20,1,8,720,0,0,0,2
Morocco,21,1,5,450,0,1,0,1
Morocco,22,0,6,540,0,0,0,0
Morocco,23,1,7,630,0,1,0,1
Morocco,24,1,6,540,0,0,0,1
Morocco,25,1,6,540,0,1,0,1
Morocco,26,0,4,360,0,0,0,0
Uruguay,1,1,3,270,0,1,0,1
Uruguay,2,1,2,180,0,0,0,0
Uruguay,3,2,2,180,0,1,0,1
Uruguay,4,1,2,180,0,1,0,0
Uruguay,5,1,3,270,0,0,0,0
Uruguay,6,2,2,180,0,0,0,0
Uruguay,7,2,2,180,0,0,0,1
Uruguay,8,2,5,450,0,0,0,0
Uruguay,9,1,4,360,0,0,0,3
Uruguay,10,1,2,180,0,0,0,0
Uruguay,11,1,2,180,0,0,0,0
Uruguay,12,1,4,360,0,0,0,0
Uruguay,13,1,3,270,0,0,0,0
Uruguay,14,1,2,180,0,0,0,1
Uruguay,15,2,4,360,0,0,0,0
Uruguay,16,1,4,360,0,0,0,2
Uruguay,17,1,3,270,0,0,0,0
Uruguay,18,1,1,90,0,0,0,0
Uruguay,19,0,2,180,0,0,0,0
Uruguay,20,0,1,90,0,0,0,1
Uruguay,21,0,1,90,0,0,0,0
Uruguay,22,0,3,270,0,0,0,0
Uruguay,23,0,3,270,0,0,0,3
Uruguay,24,0,2,180,0,0,0,0
Uruguay,25,0,2,180,0,0,0,0
Uruguay,26,0,2,180,0,0,0,1
Colombia,1,1,4,360,0,1,0,1
Colombia,2,1,3,270,0,1,0,2
Colombia,3,1,3,270,0,0,0,0
Colombia,4,1,4,360,0,0,0,0
Colombia,5,1,2,180,0,0,0,0
Colombia,6,1,8,720,0,0,0,0
Colombia,7,2,3,270,0,0,0,0
Colombia,8,1,3,270,0,0,0,2
Colombia,9,2,6,540,0,1,0,1
Colombia,10,1,3,270,0,0,0,1
Colombia,11,2,4,360,0,0,0,1
Colombia,12,1,7,630,0,0,0,3
Colombia,13,3,5,450,0,0,0,0
Colombia,14,1,4,360,0,0,0,1
Colombia,15,3,6,540,0,2,0,1
Colombia,16,1,5,450,0,0,0,1
Colombia,17,1,4,360,0,0,0,1
Colombia,18,1,4,360,0,0,0,0
Colombia,19,0,4,360,0,1,0,1
Colombia,20,0,6,540,0,1,0,1
Colombia,21,0,1,90,0,0,0,0
Colombia,22,0,3,270,0,0,0,2
Colombia,23,0,3,270,0,1,0,1
Colombia,24,0,8,720,0,2,0,0
Colombia,25,0,3,270,0,0,0,0
Colombia,26,1,4,360,0,1,0,2
Croatia,1,1,3,270,0,0,0,1
Croatia,2,1,1,90,0,0,0,0
Croatia,3,1,5,450,0,0,0,0
Croatia,4,2,3,270,0,0,0,0
Croatia,5,2,5,450,0,1,0,0
Croatia,6,3,4,360,0,0,0,2
Croatia,7,3,5,450,0,0,0,0
Croatia,8,2,4,360,0,0,0,0
Croatia,9,2,6,540,0,1,0,1
Croatia,10,1,5,450,0,0,0,0
Croatia,11,1,1,90,0,1,0,0
Croatia,12,1,3,270,0,0,0,0
Croatia,13,1,2,180,0,0,0,0
Croatia,14,1,4,360,0,0,0,1
Croatia,15,1,2,180,0,0,0,0
Croatia,16,1,2,180,0,0,0,0
Croatia,17,1,4,360,0,0,0,1
Croatia,18,1,1,90,0,0,0,0
Croatia,19,1,6,540,0,1,0,1
Croatia,20,0,4,360,0,1,0,3
Croatia,21,0,3,270,0,0,0,2
Croatia,22,2,3,270,0,1,0,0
Croatia,23,0,1,90,0,0,0,0
Croatia,24,1,4,360,0,0,0,0
Croatia,25,0,4,360,0,0,0,2
Croatia,26,0,3,270,0,0,0,0
Mexico,1,1,3,270,0,0,0,0
Mexico,2,2,1,90,0,0,0,0
Mexico,3,1,2,180,0,0,0,1
Mexico,4,1,2,180,0,0,0,1
Mexico,5,1,3,270,0,0,0,0
Mexico,6,2,4,360,0,0,0,0
Mexico,7,1,0,0,0,0,0,0
Mexico,8,1,6,540,0,0,0,0
Mexico,9,1,1,90,0,0,0,0
Mexico,10,1,5,450,0,0,0,0
Mexico,11,2,6,540,0,0,0,1
Mexico,12,1,3,270,0,0,0,0
Mexico,13,1,4,360,0,1,0,0
Mexico,14,3,3,270,0,0,0,1
Mexico,15,2,4,360,0,0,0,0
Mexico,16,0,2,180,0,0,0,0
Mexico,17,0,2,180,0,0,0,0
Mexico,18,0,2,180,0,0,0,1
Mexico,19,0,3,270,0,0,0,1
Mexico,20,0,4,360,0,0,0,0
Mexico,21,0,2,180,0,1,0,0
Mexico,22,0,3,270,0,1,0,0
Mexico,23,0,4,360,0,0,0,1
Mexico,24,1,2,180,0,0,0,0
Mexico,25,0,4,360,0,0,0,0
Mexico,26,0,2,180,0,0,0,1
United States,1,1,3,270,0,1,0,0
United States,2,1,4,360,0,0,0,0
United States,3,2,5,450,0,0,0,0
United States,4,4,6,540,0,0,0,2
United States,5,1,4,360,0,0,0,0
United States,6,1,3,270,0,0,0,0
United States,7,1,4,360,0,2,0,1
United States,8,2,5,450,0,0,0,1
United States,9,2,2,180,0,0,0,0
United States,10,2,7,630,0,1,0,1
United States,11,1,7,630,0,0,0,1
United States,12,1,4,360,0,0,0,0
United States,13,1,6,540,0,0,0,0
United States,14,1,6,540,0,2,0,0
United States,15,1,3,270,0,0,0,0
United States,16,3,7,630,0,0,0,1
United States,17,0,6,540,0,1,0,0
United States,18,0,6,540,0,0,0,0
United States,19,2,4,360,0,0,0,0
United States,20,1,6,540,0,0,0,0
United States,21,0,6,540,0,0,0,2
United States,22,0,7,630,0,3,0,0
United States,23,0,6,540,0,0,0,2
United States,24,1,6,540,0,1,0,1
United States,25,1,6,540,0,1,0,0
United States,26,2,3,270,0,0,0,1
Japan,1,6,8,720,0,2,0,0
Japan,2,1,6,540,0,0,0,0
Japan,3,1,7,630,0,0,0,0
Japan,4,3,8,720,0,0,0,0
Japan,5,1,5,450,0,1,0,2
Japan,6,3,5,450,0,0,0,1
Japan,7,2,7,630,0,1,0,0
Japan,8,3,6,540,0,0,0,0
Japan,9,4,11,990,0,0,0,0
Japan,10,1,6,540,0,1,0,2
Japan,11,3,8,720,0,0,0,1
Japan,12,2,5,450,0,1,0,1
Japan,13,6,11,990,0,1,0,2
Japan,14,1,7,630,0,1,0,0
Japan,15,1,7,630,0,0,0,3
Japan,16,1,6,540,0,0,0,1
Japan,17,1,8,720,0,0,0,3
Japan,18,3,8,720,0,0,0,1
Japan,19,1,5,450,0,0,0,1
Japan,20,6,9,810,0,0,0,1
Japan,21,2,7,630,0,1,0,1
Japan,22,1,3,270,0,0,0,1
Japan,23,1,6,540,0,1,0,1
Japan,24,1,7,630,0,1,0,1
Japan,25,0,4,360,0,0,0,1
Japan,26,1,6,540,0,0,0,1
Iran,1,1,3,270,0,0,0,3
Iran,2,1,4,360,0,0,0,0
Iran,3,1,3,270,0,0,0,1
Iran,4,3,2,180,0,0,0,0
Iran,5,1,4,360,0,1,0,0
Iran,6,3,4,360,0,0,0,0
Iran,7,2,3,270,0,0,0,0
Iran,8,2,2,180,0,0,0,0
Iran,9,1,3,270,0,0,0,0
Iran,10,1,4,360,0,0,0,2
Iran,11,2,3,270,0,0,0,0
Iran,12,1,3,270,0,1,0,2
Iran,13,1,6,540,0,0,0,3
Iran,14,1,5,450,0,0,0,0
Iran,15,3,5,450,0,0,0,0
Iran,16,1,6,540,0,0,0,0
Iran,17,0,4,360,0,0,0,0
Iran,18,1,4,360,0,2,0,0
Iran,19,0,4,360,0,0,0,1
Iran,20,0,2,180,0,0,0,0
Iran,21,0,4,360,0,1,0,1
Iran,22,0,2,180,0,0,0,0
Iran,23,2,5,450,0,0,0,0
Iran,24,1,5,450,0,0,0,1
Iran,25,0,4,360,0,0,0,2
Iran,26,2,5,450,0,0,0,1
Senegal,1,1,4,360,0,1,0,0
Senegal,2,2,4,360,0,0,0,1
Senegal,3,2,5,450,0,0,0,0
Senegal,4,1,1,90,0,0,0,0
Senegal,5,1,5,450,0,0,0,0
Senegal,6,1,4,360,0,0,0,1
Senegal,7,1,4,360,0,0,0,0
Senegal,8,2,4,360,0,0,0,2
Senegal,9,2,7,630,0,0,0,2
Senegal,10,1,4,360,0,1,0,1
Senegal,11,1,6,540,0,0,0,2
Senegal,12,1,6,540,0,0,0,2
Senegal,13,0,1,90,0,0,0,0
Senegal,14,1,3,270,0,0,0,0
Senegal,15,0,4,360,0,0,0,0
Senegal,16,0,7,630,0,2,0,1
Senegal,17,0,4,360,0,0,0,0
Senegal,18,1,3,270,0,0,0,1
Senegal,19,0,7,630,0,0,0,3
Senegal,20,2,3,270,0,0,0,0
Senegal,21,0,4,360,0,0,0,1
Senegal,22,0,4,360,0,1,0,0
Senegal,23,0,3,270,0,0,0,0
Senegal,24,1,4,360,0,0,0,0
Senegal,25,0,3,270,0,0,0,0
Senegal,26,0,6,540,0,1,0,1
Denmark,1,1,5,450,0,0,0,0
Denmark,2,1,4,360,0,0,0,0
Denmark,3,1,2,180,0,0,0,0
Denmark,4,1,1,90,0,0,0,0
Denmark,5,1,0,0,0,0,0,0
Denmark,6,1,2,180,0,0,0,0
Denmark,7,1,4,360,0,1,0,0
Denmark,8,1,5,450,0,0,0,0
Denmark,9,1,1,90,0,0,0,0
Denmark,10,2,5,450,0,0,0,1
Denmark,11,1,3,270,0,2,0,0
Denmark,12,1,3,270,0,1,0,0
Denmark,13,1,1,90,0,0,0,0
Denmark,14,1,3,270,0,2,0,0
Denmark,15,1,5,450,0,0,0,0
Denmark,16,1,1,90,0,0,0,0
Denmark,17,2,4,360,0,0,0,0
Denmark,18,2,4,360,0,0,0,0
Denmark,19,1,2,180,0,0,0,1
Denmark,20,0,5,450,0,0,0,0
Denmark,21,2,3,270,0,0,0,1
Denmark,22,1,4,360,0,0,0,1
Denmark,23,0,4,360,0,0,0,0
Denmark,24,0,2,180,0,0,0,1
Denmark,25,0,1,90,0,0,0,0
Denmark,26,1,3,270,0,0,0,0
Austria,1,2,5,450,0,0,0,0
Austria,2,1,4,360,0,0,0,1
Austria,3,3,9,810,0,0,0,0
Austria,4,2,6,540,0,0,0,0
Austria,5,4,6,540,0,0,0,1
Austria,6,1,7,630,0,1,0,0
Austria,7,3,6,540,0,2,0,1
Austria,8,2,8,720,0,0,0,0
Austria,9,1,2,180,0,0,0,1
Austria,10,3,6,540,0,1,0,0
Austria,11,1,6,540,0,0,0,3
Austria,12,1,4,360,0,0,0,1
Austria,13,3,5,450,0,0,0,0
Austria,14,1,4,360,0,1,0,0
Austria,15,1,4,360,0,0,0,1
Austria,16,1,5,450,0,0,0,1
Austria,17,1,4,360,0,0,0,0
Austria,18,0,6,540,0,0,0,1
Austria,19,0,4,360,0,0,0,3
Austria,20,0,6,540,0,2,0,0
Austria,21,2,9,810,0,0,0,3
Austria,22,0,3,270,0,0,0,1
Austria,23,0,5,450,0,0,0,1
Austria,24,0,9,810,0,2,0,4
Austria,25,1,5,450,0,0,0,0
Austria,26,1,5,450,0,0,0,1
Korea Republic,1,1,2,180,0,0,0,0
Korea Republic,2,2,3,270,0,0,0,0
Korea Republic,3,1,2,180,0,0,0,0
Korea Republic,4,1,6,540,0,0,0,1
Korea Republic,5,1,6,540,0,1,0,2
Korea Republic,6,2,4,360,0,0,0,0
Korea Republic,7,2,6,540,0,0,0,0
Korea Republic,8,1,3,270,0,0,0,0
Korea Republic,9,1,3,270,0,1,0,1
Korea Republic,10,1,1,90,0,0,0,0
Korea Republic,11,1,2,180,0,0,0,0
Korea Republic,12,1,5,450,0,1,0,1
Korea Republic,13,1,3,270,0,0,0,0
Korea Republic,14,4,5,450,0,0,0,1
Korea Republic,15,0,4,360,0,0,0,0
Korea Republic,16,1,6,540,0,0,0,1
Korea Republic,17,0,3,270,0,0,0,0
Korea Republic,18,1,1,90,0,0,0,1
Korea Republic,19,0,3,270,0,0,0,0
Korea Republic,20,1,2,180,0,0,0,0
Korea Republic,21,0,0,0,0,0,0,0
Korea Republic,22,0,4,360,0,0,0,0
Korea Republic,23,1,1,90,0,0,0,0
Korea Republic,24,2,5,450,0,0,0,2
Korea Republic,25,0,4,360,0,1,0,0
Korea Republic,26,0,4,360,0,0,0,1
Australia,1,3,2,180,0,0,0,0
Australia,2,1,3,270,0,0,0,0
Australia,3,1,5,450,0,0,0,1
Australia,4,1,4,360,0,0,0,0
Australia,5,1,4,360,0,0,0,0
Australia,6,1,5,450,0,0,0,1
Australia,7,1,4,360,0,0,0,2
Australia,8,1,5,450,0,0,0,0
Australia,9,1,2,180,0,0,0,0
Australia,10,1,5,450,0,0,0,0
Australia,11,4,3,270,0,1,0,0
Australia,12,1,1,90,0,0,0,0
Australia,13,1,2,180,0,0,0,0
Australia,14,1,3,270,0,0,0,0
Australia,15,0,5,450,0,1,0,0
Australia,16,0,4,360,0,0,0,0
Australia,17,0,3,270,0,0,0,0
Australia,18,1,3,270,0,0,0,0
Australia,19,0,3,270,0,0,0,1
Australia,20,0,3,270,0,0,0,0
Australia,21,1,5,450,0,0,0,0
Australia,22,0,1,90,0,0,0,0
Australia,23,2,1,90,0,0,0,0
Australia,24,1,3,270,0,0,0,0
Australia,25,0,3,270,0,0,0,1
Australia,26,1,6,540,0,1,0,0
Turkey,1,1,1,90,0,0,0,0
Turkey,2,1,3,270,0,0,0,0
Turkey,3,1,4,360,0,0,0,1
Turkey,4,2,3,270,0,0,0,1
Turkey,5,1,4,360,0,0,0,1
Turkey,6,1,3,270,0,0,0,0
Turkey,7,1,3,270,0,0,0,1
Turkey,8,1,3,270,0,0,0,1
Turkey,9,2,4,360,0,0,0,0
Turkey,10,1,3,270,0,0,0,0
Turkey,11,1,2,180,0,0,0,0
Turkey,12,1,5,450,0,0,0,1
Turkey,13,1,2,180,0,0,0,0
Turkey,14,1,1,90,0,0,0,0
Turkey,15,0,5,450,0,0,0,1
Turkey,16,1,3,270,0,0,0,1
Turkey,17,0,4,360,0,2,0,1
Turkey,18,2,3,270,0,0,0,0
Turkey,19,0,3,270,0,0,0,0
Turkey,20,0,3,270,0,1,0,0
Turkey,21,1,3,270,0,0,0,0
Turkey,22,0,1,90,0,0,0,0
Turkey,23,0,3,270,0,0,0,1
Turkey,24,1,3,270,0,0,0,1
Turkey,25,1,4,360,0,1,0,0
Turkey,26,0,1,90,0,0,0,0
Serbia,1,1,2,180,0,0,0,1
Serbia,2,1,2,180,0,0,0,1
Serbia,3,1,3,270,0,0,0,0
Serbia,4,1,3,270,0,1,0,1
Serbia,5,1,1,90,0,0,0,1
Serbia,6,2,4,360,0,0,0,1
Serbia,7,1,1,90,0,0,0,0
Serbia,8,1,1,90,0,0,0,0
Serbia,9,1,2,180,0,0,0,0
Serbia,10,1,3,270,0,0,0,0
Serbia,11,1,3,270,0,0,0,1
Serbia,12,1,2,180,0,0,0,0
Serbia,13,2,3,270,0,0,0,0
Serbia,14,2,3,270,0,0,0,1
Serbia,15,0,6,540,0,1,0,2
Serbia,16,0,2,180,0,0,0,0
Serbia,17,0,2,180,0,0,0,0
Serbia,18,0,2,180,0,0,0,0
Serbia,19,0,4,360,0,0,0,1
Serbia,20,2,3,270,0,0,0,0
Serbia,21,0,3,270,0,0,0,0
Serbia,22,0,2,180,0,0,0,1
Serbia,23,1,2,180,0,1,0,0
Serbia,24,1,3,270,0,0,0,1
Serbia,25,0,2,180,0,0,0,0
Serbia,26,0,2,180,0,0,0,1
Sweden,1,2,7,630,0,0,0,0
Sweden,2,1,3,270,0,0,0,0
Sweden,3,1,3,270,0,0,0,1
Sweden,4,1,3,270,0,0,0,1
Sweden,5,1,6,540,0,0,0,0
Sweden,6,1,2,180,0,0,0,0
Sweden,7,1,3,270,0,1,0,1
Sweden,8,2,5,450,0,1,0,1
Sweden,9,1,1,90,0,0,0,0
Sweden,10,2,4,360,0,0,0,0
Sweden,11,1,3,270,0,0,0,1
Sweden,12,3,3,270,0,0,0,1
Sweden,13,2,6,540,0,1,0,1
Sweden,14,1,7,630,0,0,0,2
Sweden,15,0,6,540,0,0,0,0
Sweden,16,1,2,180,0,0,0,0
Sweden,17,0,4,360,0,1,0,0
Sweden,18,0,3,270,0,0,0,0
Sweden,19,0,4,360,0,0,0,0
Sweden,20,0,3,270,0,0,0,0
Sweden,21,0,3,270,0,0,0,1
Sweden,22,0,4,360,0,0,0,0
Sweden,23,0,3,270,0,0,0,0
Sweden,24,1,5,450,0,0,0,0
Sweden,25,1,3,270,0,0,0,0
Sweden,26,0,3,270,0,0,0,1
Egypt,1,1,8,720,0,0,0,1
Egypt,2,1,3,270,0,0,0,0
Egypt,3,3,4,360,0,1,0,0
Egypt,4,4,9,810,0,0,0,1
Egypt,5,3,4,360,0,0,0,0
Egypt,6,1,7,630,0,0,0,1
Egypt,7,3,11,990,0,1,0,3
Egypt,8,1,6,540,0,0,0,2
Egypt,9,3,8,720,0,0,0,1
Egypt,10,4,7,630,0,1,0,2
Egypt,11,1,8,720,0,2,0,1
Egypt,12,2,8,720,0,1,0,0
Egypt,13,2,7,630,0,2,0,3
Egypt,14,1,9,810,0,0,0,0
Egypt,15,2,7,630,0,1,0,1
Egypt,16,3,6,540,0,1,0,2
Egypt,17,1,10,900,0,0,0,0
Egypt,18,1,5,450,0,0,0,0
Egypt,19,0,5,450,0,0,0,1
Egypt,20,1,10,900,0,1,0,2
Egypt,21,3,6,540,0,0,0,1
Egypt,22,0,4,360,0,0,0,0
Egypt,23,3,6,540,0,0,0,3
Egypt,24,0,6,540,0,0,0,1
Egypt,25,2,7,630,0,0,0,3
Egypt,26,1,5,450,0,0,0,1
Canada,1,1,2,180,0,0,0,0
Canada,2,1,1,90,0,0,0,0
Canada,3,1,3,270,0,0,0,0
Canada,4,1,3,270,0,1,0,0
Canada,5,2,3,270,0,0,0,0
Canada,6,2,5,450,0,1,0,1
Canada,7,1,2,180,0,0,0,0
Canada,8,1,2,180,0,0,0,0
Canada,9,1,4,360,0,0,0,1
Canada,10,1,3,270,0,1,0,0
Canada,11,1,3,270,0,0,0,1
Canada,12,1,5,450,0,0,0,0
Canada,13,2,3,270,0,0,0,2
Canada,14,2,4,360,0,0,0,0
Canada,15,1,3,270,0,1,0,0
Canada,16,1,3,270,0,0,0,0
Canada,17,0,2,180,0,0,0,0
Canada,18,0,2,180,0,0,0,0
Canada,19,0,4,360,0,2,0,1
Canada,20,1,3,270,0,0,0,0
Canada,21,0,3,270,0,0,0,1
Canada,22,0,1,90,0,1,0,0
Canada,23,0,3,270,0,0,0,1
Canada,24,0,4,360,0,0,0,0
Canada,25,0,2,180,0,0,0,0
Canada,26,0,4,360,0,0,0,1
Paraguay,1,1,4,360,0,0,0,0
Paraguay,2,1,3,270,0,0,0,0
Paraguay,3,1,2,180,0,0,0,1
Paraguay,4,1,2,180,0,0,0,1
Paraguay,5,1,1,90,0,0,0,0
Paraguay,6,1,1,90,0,1,0,1
Paraguay,7,1,1,90,0,0,0,0
Paraguay,8,1,2,180,0,0,0,1
Paraguay,9,1,3,270,0,1,0,1
Paraguay,10,1,3,270,0,0,0,0
Paraguay,11,1,1,90,0,0,0,1
Paraguay,12,2,2,180,0,0,0,0
Paraguay,13,2,4,360,0,0,0,1
Paraguay,14,2,4,360,0,0,0,0
Paraguay,15,0,2,180,0,0,0,0
Paraguay,16,1,4,360,0,0,0,0
Paraguay,17,0,4,360,0,0,0,0
Paraguay,18,0,3,270,0,0,0,0
Paraguay,19,0,4,360,0,0,0,0
Paraguay,20,0,2,180,0,0,0,0
Paraguay,21,0,2,180,0,0,0,0
Paraguay,22,0,1,90,0,0,0,0
Paraguay,23,0,3,270,0,0,0,0
Paraguay,24,1,2,180,0,0,0,0
Paraguay,25,0,3,270,0,0,0,1
Paraguay,26,0,3,270,0,0,0,0
Panama,1,1,2,180,0,0,0,0
Panama,2,1,4,360,0,1,0,0
Panama,3,1,2,180,0,0,0,1
Panama,4,1,1,90,0,0,0,0
Panama,5,1,5,450,0,0,0,1
Panama,6,2,4,360,0,1,0,0
Panama,7,1,3,270,0,0,0,0
Panama,8,1,4,360,0,0,0,0
Panama,9,1,1,90,0,0,0,2
Panama,10,1,3,270,0,1,0,0
Panama,11,1,2,180,0,0,0,0
Panama,12,0,2,180,0,0,0,0
Panama,13,1,5,450,0,0,0,0
Panama,14,0,1,90,0,0,0,0
Panama,15,0,0,0,0,0,0,0
Panama,16,0,1,90,0,0,0,0
Panama,17,2,2,180,0,0,0,0
Panama,18,0,3,270,0,0,0,0
Panama,19,1,4,360,0,0,0,0
Panama,20,0,3,270,0,0,0,0
Panama,21,0,5,450,0,0,0,2
Panama,22,0,2,180,0,0,0,0
Panama,23,0,0,0,0,0,0,0
Panama,24,0,3,270,0,0,0,2
Panama,25,1,3,270,0,0,0,0
Panama,26,0,1,90,0,0,0,0
Nigeria,1,1,3,270,0,0,0,1
Nigeria,2,1,3,270,0,1,0,0
Nigeria,3,1,5,450,0,0,0,0
Nigeria,4,2,3,270,0,0,0,0
Nigeria,5,1,1,90,0,0,0,1
Nigeria,6,1,3,270,0,0,0,0
Nigeria,7,2,3,270,0,0,0,0
Nigeria,8,1,3,270,0,0,0,0
Nigeria,9,1,3,270,0,0,0,0
Nigeria,10,1,3,270,0,0,0,0
Nigeria,11,0,3,270,0,0,0,1
Nigeria,12,1,4,360,0,0,0,0
Nigeria,13,1,3,270,0,0,0,1
Nigeria,14,1,3,270,0,0,0,0
Nigeria,15,0,1,90,0,1,0,0
Nigeria,16,0,5,450,0,1,0,1
Nigeria,17,0,3,270,0,0,0,0
Nigeria,18,0,4,360,0,0,0,0
Nigeria,19,0,2,180,0,0,0,0
Nigeria,20,1,4,360,0,0,0,1
Nigeria,21,0,4,360,0,0,0,0
Nigeria,22,1,6,540,0,3,0,1
Nigeria,23,0,3,270,0,1,0,0
Nigeria,24,0,4,360,0,1,0,1
Nigeria,25,1,4,360,0,0,0,0
Nigeria,26,0,5,450,0,0,0,0
Costa Rica,1,1,2,180,0,0,0,0
Costa Rica,2,1,1,90,0,0,0,1
Costa Rica,3,1,3,270,0,0,0,0
Costa Rica,4,1,3,270,0,1,0,0
Costa Rica,5,1,3,270,0,0,0,0
Costa Rica,6,2,2,180,0,0,0,0
Costa Rica,7,1,3,270,0,0,0,0
Costa Rica,8,2,2,180,0,0,0,0
Costa Rica,9,1,3,270,0,0,0,1
Costa Rica,10,1,3,270,0,1,0,0
Costa Rica,11,0,4,360,0,0,0,0
Costa Rica,12,1,4,360,0,0,0,2
Costa Rica,13,0,2,180,0,0,0,0
Costa Rica,14,0,2,180,0,0,0,0
Costa Rica,15,0,0,0,0,0,0,0
Costa Rica,16,0,3,270,0,0,0,0
Costa Rica,17,0,1,90,0,0,0,0
Costa Rica,18,0,1,90,0,0,0,0
Costa Rica,19,1,2,180,0,0,0,1
Costa Rica,20,0,4,360,0,0,0,0
Costa Rica,21,0,4,360,0,0,0,1
Costa Rica,22,1,1,90,0,0,0,1
Costa Rica,23,0,2,180,0,0,0,0
Costa Rica,24,0,6,540,0,1,0,1
Costa Rica,25,0,3,270,0,0,0,0
Costa Rica,26,1,2,180,0,0,0,0
Tunisia,1,1,8,720,0,0,0,1
Tunisia,2,1,6,540,0,0,0,1
Tunisia,3,1,2,180,0,0,0,0
Tunisia,4,1,4,360,0,0,0,2
Tunisia,5,1,5,450,0,0,0,1
Tunisia,6,1,5,450,0,0,0,1
Tunisia,7,1,4,360,0,0,0,2
Tunisia,8,2,4,360,0,0,0,3
Tunisia,9,1,5,450,0,0,0,1
Tunisia,10,0,5,450,0,0,0,0
Tunisia,11,1,7,630,0,1,0,0
Tunisia,12,0,3,270,0,0,0,0
Tunisia,13,2,6,540,0,0,0,0
Tunisia,14,0,3,270,0,0,0,0
Tunisia,15,2,6,540,0,1,0,0
Tunisia,16,1,5,450,0,0,0,0
Tunisia,17,0,6,540,0,0,0,0
Tunisia,18,1,6,540,0,1,0,1
Tunisia,19,1,3,270,0,1,0,0
Tunisia,20,0,2,180,0,0,0,1
Tunisia,21,0,3,270,0,1,0,0
Tunisia,22,0,3,270,0,0,0,0
Tunisia,23,0,5,450,0,0,0,1
Tunisia,24,1,6,540,0,0,0,1
Tunisia,25,0,6,540,0,1,0,3
Tunisia,26,1,3,270,0,0,0,1
Czech Republic,1,1,2,180,0,0,0,0
Czech Republic,2,1,1,90,0,0,0,0
Czech Republic,3,1,1,90,0,0,0,0
Czech Republic,4,1,2,180,0,0,0,1
Czech Republic,5,1,1,90,0,0,0,0
Czech Republic,6,1,1,90,0,0,0,0
Czech Republic,7,1,3,270,0,1,0,0
Czech Republic,8,1,3,270,0,0,0,1
Czech Republic,9,1,3,270,0,0,0,0
Czech Republic,10,1,1,90,0,0,0,0
Czech Republic,11,1,3,270,0,0,0,1
Czech Republic,12,1,5,450,0,1,0,0
Czech Republic,13,0,5,450,0,0,0,2
Czech Republic,14,0,2,180,0,1,0,0
Czech Republic,15,1,5,450,0,1,0,1
Czech Republic,16,0,3,270,0,0,0,0
Czech Republic,17,0,1,90,0,0,0,0
Czech Republic,18,0,2,180,0,0,0,1
Czech Republic,19,1,3,270,0,0,0,0
Czech Republic,20,0,2,180,0,0,0,0
Czech Republic,21,0,2,180,0,1,0,1
Czech Republic,22,0,3,270,0,0,0,2
Czech Republic,23,0,2,180,0,0,0,1
Czech Republic,24,3,4,360,0,1,0,0
Czech Republic,25,0,3,270,0,1,0,1
Czech Republic,26,0,3,270,0,1,0,0
Qatar,1,1,4,360,0,1,0,0
Qatar,2,2,4,360,0,0,0,2
Qatar,3,1,2,180,0,0,0,1
Qatar,4,2,2,180,0,0,0,0
Qatar,5,3,3,270,0,0,0,0
Qatar,6,1,4,360,0,0,0,0
Qatar,7,1,5,450,0,0,0,0
Qatar,8,1,5,450,0,0,0,0
Qatar,9,4,5,450,0,1,0,1
Qatar,10,1,3,270,0,1,0,1
Qatar,11,2,4,360,0,0,0,1
Qatar,12,1,2,180,0,0,0,0
Qatar,13,1,5,450,0,0,0,1
Qatar,14,1,3,270,0,0,0,0
Qatar,15,3,6,540,0,0,0,0
Qatar,16,3,3,270,0,0,0,1
Qatar,17,1,2,180,0,0,0,0
Qatar,18,0,3,270,0,0,0,1
Qatar,19,2,5,450,0,0,0,1
Qatar,20,0,5,450,0,0,0,3
Qatar,21,1,3,270,0,0,0,0
Qatar,22,0,4,360,0,0,0,0
Qatar,23,3,6,540,0,0,0,1
Qatar,24,0,5,450,0,0,0,1
Qatar,25,0,3,270,0,0,0,1
Qatar,26,0,3,270,0,0,0,1
Cameroon,1,1,4,360,0,0,0,0
Cameroon,2,1,5,450,0,0,0,1
Cameroon,3,1,3,270,0,0,0,0
Cameroon,4,4,3,270,0,1,0,1
Cameroon,5,1,4,360,0,1,0,1
Cameroon,6,1,3,270,0,0,0,0
Cameroon,7,1,2,180,0,0,0,0
Cameroon,8,1,3,270,0,0,0,0
Cameroon,9,4,5,450,0,0,0,0
Cameroon,10,1,3,270,0,0,0,1
Cameroon,11,1,5,450,0,0,0,0
Cameroon,12,1,5,450,0,1,0,1
Cameroon,13,1,1,90,0,0,0,1
Cameroon,14,1,2,180,0,0,0,0
Cameroon,15,1,3,270,0,0,0,0
Cameroon,16,1,5,450,0,0,0,0
Cameroon,17,1,2,180,0,0,0,0
Cameroon,18,1,5,450,0,0,0,0
Cameroon,19,0,4,360,0,0,0,0
Cameroon,20,0,3,270,0,0,0,0
Cameroon,21,0,3,270,0,0,0,0
Cameroon,22,3,4,360,0,0,0,1
Cameroon,23,1,3,270,0,0,0,1
Cameroon,24,0,2,180,0,1,0,0
Cameroon,25,0,3,270,0,0,0,0
Cameroon,26,0,3,270,0,0,0,0
Scotland,1,1,4,360,0,0,0,1
Scotland,2,1,2,180,0,0,0,0
Scotland,3,1,5,450,0,0,0,0
Scotland,4,1,1,90,0,0,0,0
Scotland,5,2,3,270,0,0,0,0
Scotland,6,1,1,90,0,0,0,0
Scotland,7,1,2,180,0,0,0,1
Scotland,8,1,1,90,0,0,0,0
Scotland,9,3,3,270,0,0,0,1
Scotland,10,1,1,90,0,0,0,0
Scotland,11,1,4,360,0,0,0,1
Scotland,12,0,3,270,0,1,0,0
Scotland,13,0,3,270,0,0,0,0
Scotland,14,0,0,0,0,0,0,0
Scotland,15,0,2,180,0,0,0,1
Scotland,16,0,0,0,0,0,0,0
Scotland,17,0,2,180,0,1,0,0
Scotland,18,0,2,180,0,0,0,0
Scotland,19,0,3,270,0,1,0,0
Scotland,20,0,4,360,0,0,0,1
Scotland,21,0,3,270,0,0,0,0
Scotland,22,1,2,180,0,0,0,0
Scotland,23,1,4,360,0,1,0,0
Scotland,24,0,5,450,0,0,0,1
Scotland,25,1,4,360,0,0,0,0
Scotland,26,0,2,180,0,0,0,0
Uzbekistan,1,2,3,270,0,1,0,0
Uzbekistan,2,1,4,360,0,0,0,1
Uzbekistan,3,1,3,270,0,0,0,0
Uzbekistan,4,1,3,270,0,0,0,0
Uzbekistan,5,1,4,360,0,0,0,0
Uzbekistan,6,1,3,270,0,0,0,0
Uzbekistan,7,1,0,0,0,0,0,0
Uzbekistan,8,1,3,270,0,0,0,0
Uzbekistan,9,2,4,360,0,0,0,1
Uzbekistan,10,2,1,90,0,0,0,0
Uzbekistan,11,1,3,270,0,1,0,0
Uzbekistan,12,0,4,360,0,1,0,0
Uzbekistan,13,1,4,360,0,0,0,0
Uzbekistan,14,0,3,270,0,1,0,2
Uzbekistan,15,0,3,270,0,0,0,0
Uzbekistan,16,0,3,270,0,0,0,0
Uzbekistan,17,0,2,180,0,0,0,0
Uzbekistan,18,1,3,270,0,1,0,0
Uzbekistan,19,0,1,90,0,0,0,0
Uzbekistan,20,0,3,270,0,1,0,0
Uzbekistan,21,1,2,180,0,0,0,0
Uzbekistan,22,0,4,360,0,0,0,1
Uzbekistan,23,0,4,360,0,0,0,0
Uzbekistan,24,1,4,360,0,0,0,0
Uzbekistan,25,0,2,180,0,0,0,0
Uzbekistan,26,0,4,360,0,0,0,0
South Africa,1,1,4,360,0,0,0,1
South Africa,2,1,2,180,0,0,0,0
South Africa,3,2,3,270,0,0,0,1
South Africa,4,2,5,450,0,0,0,2
South Africa,5,1,4,360,0,0,0,0
South Africa,6,2,2,180,0,1,0,0
South Africa,7,2,3,270,0,0,0,0
South Africa,8,1,4,360,0,0,0,0
South Africa,9,2,3,270,0,0,0,1
South Africa,10,1,3,270,0,0,0,1
South Africa,11,0,4,360,0,2,0,0
South Africa,12,0,4,360,0,0,0,0
South Africa,13,0,2,180,0,0,0,1
South Africa,14,0,4,360,0,0,0,1
South Africa,15,0,2,180,0,0,0,1
South Africa,16,0,2,180,0,0,0,1
South Africa,17,0,3,270,0,0,0,1
South Africa,18,0,0,0,0,0,0,0
South Africa,19,0,2,180,0,0,0,0
South Africa,20,0,2,180,0,0,0,0
South Africa,21,0,4,360,0,0,0,0
South Africa,22,1,3,270,0,0,0,0
South Africa,23,0,2,180,0,0,0,0
South Africa,24,0,3,270,0,2,0,1
South Africa,25,1,4,360,0,0,0,0
South Africa,26,0,3,270,0,0,0,0
Saudi Arabia,1,1,4,360,0,0,0,0
Saudi Arabia,2,1,2,180,0,0,0,0
Saudi Arabia,3,1,4,360,0,0,0,0
Saudi Arabia,4,1,2,180,0,1,0,0
Saudi Arabia,5,1,4,360,0,0,0,0
Saudi Arabia,6,1,2,180,0,1,0,0
Saudi Arabia,7,1,1,90,0,0,0,0
Saudi Arabia,8,0,3,270,0,0,0,0
Saudi Arabia,9,0,4,360,0,0,0,1
Saudi Arabia,10,0,3,270,0,0,0,2
Saudi Arabia,11,0,2,180,0,0,0,0
Saudi Arabia,12,0,2,180,0,0,0,0
Saudi Arabia,13,0,1,90,0,0,0,0
Saudi Arabia,14,0,3,270,0,0,0,0
Saudi Arabia,15,1,3,270,0,0,0,0
Saudi Arabia,16,0,1,90,0,0,0,0
Saudi Arabia,17,0,3,270,0,0,0,0
Saudi Arabia,18,0,2,180,0,0,0,0
Saudi Arabia,19,1,3,270,0,0,0,0
Saudi Arabia,20,1,4,360,0,0,0,0
Saudi Arabia,21,1,2,180,0,1,0,0
Saudi Arabia,22,0,2,180,0,0,0,0
Saudi Arabia,23,1,2,180,0,0,0,2
Saudi Arabia,24,0,3,270,0,0,0,2
Saudi Arabia,25,1,2,180,0,0,0,0
Saudi Arabia,26,0,2,180,0,0,0,0
Bosnia and Herzegovina,1,2,3,270,0,0,0,0
Bosnia and Herzegovina,2,1,1,90,0,0,0,0
Bosnia and Herzegovina,3,2,3,270,0,0,0,0
Bosnia and Herzegovina,4,1,2,180,0,1,0,1
Bosnia and Herzegovina,5,1,3,270,0,0,0,2
Bosnia and Herzegovina,6,1,4,360,0,1,0,0
Bosnia and Herzegovina,7,1,2,180,0,0,0,0
Bosnia and Herzegovina,8,1,1,90,0,0,0,0
Bosnia and Herzegovina,9,1,2,180,0,0,0,0
Bosnia and Herzegovina,10,1,4,360,0,0,0,0
Bosnia and Herzegovina,11,2,4,360,0,0,0,1
Bosnia and Herzegovina,12,0,4,360,0,1,0,0
Bosnia and Herzegovina,13,1,4,360,0,0,0,0
Bosnia and Herzegovina,14,1,3,270,0,0,0,1
Bosnia and Herzegovina,15,0,3,270,0,0,0,2
Bosnia and Herzegovina,16,0,1,90,0,0,0,0
Bosnia and Herzegovina,17,0,1,90,0,0,0,0
Bosnia and Herzegovina,18,0,1,90,0,1,0,0
Bosnia and Herzegovina,19,0,2,180,0,0,0,0
Bosnia and Herzegovina,20,0,1,90,0,0,0,0
Bosnia and Herzegovina,21,0,1,90,0,0,0,0
Bosnia and Herzegovina,22,0,3,270,0,0,0,2
Bosnia and Herzegovina,23,1,6,540,0,0,0,2
Bosnia and Herzegovina,24,0,3,270,0,0,0,0
Bosnia and Herzegovina,25,0,3,270,0,1,0,0
Bosnia and Herzegovina,26,0,1,90,0,0,0,0
Iraq,1,1,0,0,0,0,0,0
Iraq,2,2,4,360,0,0,0,0
Iraq,3,1,3,270,0,0,0,0
Iraq,4,1,3,270,0,0,0,1
Iraq,5,1,3,270,0,0,0,0
Iraq,6,3,5,450,0,0,0,0
Iraq,7,2,3,270,0,0,0,0
Iraq,8,0,1,90,0,0,0,0
Iraq,9,2,3,270,0,0,0,0
Iraq,10,0,1,90,0,0,0,0
Iraq,11,0,1,90,0,0,0,0
Iraq,12,0,3,270,0,0,0,1
Iraq,13,0,1,90,0,0,0,1
Iraq,14,0,3,270,0,0,0,0
Iraq,15,0,1,90,0,0,0,0
Iraq,16,0,4,360,0,0,0,0
Iraq,17,0,2,180,0,0,0,1
Iraq,18,0,5,450,0,0,0,1
Iraq,19,0,3,270,0,0,0,0
Iraq,20,0,2,180,0,1,0,1
Iraq,21,0,2,180,0,0,0,0
Iraq,22,0,1,90,0,0,0,1
Iraq,23,0,3,270,0,0,0,0
Iraq,24,0,3,270,0,0,0,0
Iraq,25,0,4,360,0,0,0,0
Iraq,26,0,2,180,0,0,0,0
Jordan,1,1,1,90,0,0,0,0
Jordan,2,1,4,360,0,0,0,2
Jordan,3,1,1,90,0,0,0,0
Jordan,4,1,3,270,0,0,0,1
Jordan,5,1,4,360,0,1,0,1
Jordan,6,2,5,450,0,1,0,1
Jordan,7,4,2,180,0,0,0,0
Jordan,8,1,4,360,0,0,0,1
Jordan,9,2,3,270,0,1,0,0
Jordan,10,1,2,180,0,1,0,0
Jordan,11,2,4,360,0,0,0,1
Jordan,12,3,5,450,0,0,0,0
Jordan,13,1,0,0,0,0,0,0
Jordan,14,1,2,180,0,0,0,0
Jordan,15,1,2,180,0,0,0,0
Jordan,16,2,3,270,0,0,0,0
Jordan,17,2,2,180,0,1,0,0
Jordan,18,0,4,360,0,1,0,1
Jordan,19,0,3,270,0,0,0,0
Jordan,20,2,4,360,0,0,0,0
Jordan,21,0,2,180,0,0,0,1
Jordan,22,0,4,360,0,1,0,0
Jordan,23,0,4,360,0,0,0,0
Jordan,24,0,3,270,0,0,0,2
Jordan,25,0,4,360,0,0,0,0
Jordan,26,0,2,180,0,0,0,0
Ghana,1,1,3,270,0,0,0,0
Ghana,2,1,6,540,0,0,0,0
Ghana,3,1,4,360,0,0,0,1
Ghana,4,2,4,360,0,0,0,0
Ghana,5,1,2,180,0,0,0,0
Ghana,6,1,2,180,0,0,0,2
Ghana,7,1,2,180,0,0,0,0
Ghana,8,3,3,270,0,0,0,1
Ghana,9,1,3,270,0,0,0,0
Ghana,10,1,6,540,0,0,0,1
Ghana,11,1,3,270,0,0,0,0
Ghana,12,1,5,450,0,1,0,1
Ghana,13,1,4,360,0,0,0,0
Ghana,14,1,3,270,0,1,0,0
Ghana,15,4,6,540,0,0,0,0
Ghana,16,0,3,270,0,0,0,0
Ghana,17,1,4,360,0,1,0,0
Ghana,18,2,5,450,0,0,0,0
Ghana,19,0,4,360,0,0,0,1
Ghana,20,1,4,360,0,0,0,1
Ghana,21,1,2,180,0,0,0,0
Ghana,22,1,4,360,0,0,0,0
Ghana,23,0,5,450,0,2,1,0
Ghana,24,0,5,450,0,0,0,1
Ghana,25,0,2,180,0,0,0,0
Ghana,26,0,5,450,0,0,0,0
DR Congo,1,1,4,360,0,0,0,0
DR Congo,2,2,3,270,0,1,0,0
DR Congo,3,3,3,270,0,0,0,1
DR Congo,4,1,2,180,0,1,0,1
DR Congo,5,1,2,180,0,0,0,0
DR Congo,6,2,1,90,0,0,0,0
DR Congo,7,1,2,180,0,0,0,0
DR Congo,8,1,3,270,0,0,0,0
DR Congo,9,1,3,270,0,0,0,0
DR Congo,10,0,2,180,0,0,0,0
DR Congo,11,0,3,270,0,0,0,0
DR Congo,12,0,4,360,0,1,0,0
DR Congo,13,0,2,180,0,0,0,0
DR Congo,14,0,3,270,0,0,0,0
DR Congo,15,0,3,270,0,1,0,0
DR Congo,16,0,2,180,0,0,0,0
DR Congo,17,0,2,180,0,0,0,1
DR Congo,18,1,4,360,0,0,0,0
DR Congo,19,0,0,0,0,0,0,0
DR Congo,20,0,3,270,0,1,0,0
DR Congo,21,1,2,180,0,0,0,0
DR Congo,22,0,1,90,0,0,0,0
DR Congo,23,0,4,360,0,0,0,0
DR Congo,24,0,4,360,0,0,0,3
DR Congo,25,0,1,90,0,0,0,0
DR Congo,26,0,3,270,0,0,0,1
Haiti,1,1,3,270,0,2,0,0
Haiti,2,2,3,270,0,0,0,1
Haiti,3,1,1,90,0,0,0,0
Haiti,4,2,3,270,0,0,0,0
Haiti,5,1,3,270,0,0,0,1
Haiti,6,1,3,270,0,0,0,1
Haiti,7,1,3,270,0,0,0,1
Haiti,8,1,1,90,0,0,0,0
Haiti,9,1,3,270,0,1,0,0
Haiti,10,1,1,90,0,0,0,0
Haiti,11,0,4,360,0,0,0,1
Haiti,12,0,0,0,0,0,0,0
Haiti,13,1,1,90,0,0,0,0
Haiti,14,0,3,270,0,0,0,0
Haiti,15,0,1,90,0,0,0,0
Haiti,16,0,4,360,0,1,0,0
Haiti,17,0,2,180,0,0,0,1
Haiti,18,0,1,90,0,0,0,0
Haiti,19,0,4,360,0,0,0,0
Haiti,20,0,3,270,0,0,0,2
Haiti,21,1,4,360,0,0,0,0
Haiti,22,0,2,180,0,1,0,0
Haiti,23,0,4,360,0,1,0,0
Haiti,24,0,3,270,0,1,0,0
Haiti,25,1,3,270,0,1,0,1
Haiti,26,1,3,270,0,0,0,0
New Zealand,1,4,4,360,0,2,0,1
New Zealand,2,1,3,270,0,1,0,1
New Zealand,3,1,4,360,0,0,0,0
New Zealand,4,2,3,270,0,0,0,1
New Zealand,5,1,5,450,0,0,0,1
New Zealand,6,1,5,450,0,0,0,0
New Zealand,7,1,1,90,0,0,0,0
New Zealand,8,0,1,90,0,0,0,0
New Zealand,9,1,3,270,0,0,0,1
New Zealand,10,1,3,270,0,0,0,0
New Zealand,11,2,3,270,0,1,0,0
New Zealand,12,2,5,450,0,1,0,1
New Zealand,13,0,4,360,0,1,0,0
New Zealand,14,0,3,270,0,0,0,2
New Zealand,15,0,4,360,0,0,0,0
New Zealand,16,2,1,90,0,0,0,0
New Zealand,17,0,4,360,0,0,0,1
New Zealand,18,0,3,270,0,0,0,0
New Zealand,19,0,4,360,0,0,0,1
New Zealand,20,1,4,360,0,0,0,0
New Zealand,21,0,4,360,0,0,0,1
New Zealand,22,0,2,180,0,0,0,0
New Zealand,23,0,2,180,0,0,0,0
New Zealand,24,0,5,450,0,0,0,1
New Zealand,25,1,3,270,0,0,0,0
New Zealand,26,0,5,450,0,0,0,0
Cabo Verde,1,2,4,360,0,0,0,0
Cabo Verde,2,1,4,360,0,0,0,0
Cabo Verde,3,1,3,270,0,0,0,0
Cabo Verde,4,1,3,270,0,1,0,0
Cabo Verde,5,1,4,360,0,0,0,1
Cabo Verde,6,2,2,180,0,0,0,0
Cabo Verde,7,3,7,630,0,0,0,2
Cabo Verde,8,2,5,450,0,0,0,2
Cabo Verde,9,1,6,540,0,0,0,0
Cabo Verde,10,2,4,360,0,0,0,1
Cabo Verde,11,0,4,360,0,0,0,1
Cabo Verde,12,1,6,540,0,0,0,1
Cabo Verde,13,1,4,360,0,1,0,0
Cabo Verde,14,2,4,360,0,0,0,0
Cabo Verde,15,0,3,270,0,1,0,0
Cabo Verde,16,0,3,270,0,0,0,0
Cabo Verde,17,0,1,90,0,0,0,0
Cabo Verde,18,0,4,360,0,0,0,0
Cabo Verde,19,0,2,180,0,0,0,0
Cabo Verde,20,0,3,270,0,0,0,0
Cabo Verde,21,0,4,360,0,0,0,0
Cabo Verde,22,0,7,630,0,0,0,1
Cabo Verde,23,0,3,270,0,1,0,2
Cabo Verde,24,0,3,270,0,0,0,0
Cabo Verde,25,0,3,270,0,0,0,0
Cabo Verde,26,1,3,270,0,0,0,0
